imdb_id,country
tt0013442,Germany
tt0022286,USA
tt0024216,USA
tt0026138,USA
tt0032138,USA
tt0034583,USA
tt0037120,USA
tt0037913,USA
tt0038355,USA
tt0040068,USA
tt0040522,Italy
tt0040613,USA
tt0040634,Yugoslavia
tt0041386,USA
tt0042546,USA
tt0044518,France
tt0045464,USA
tt0046250,USA
tt0046876,USA
tt0047573,USA
tt0047577,USA
tt0048215,USA
tt0048554,USA
tt0048980,France
tt0049223,USA
tt0049408,USA
tt0050084,USA
tt0050539,USA
tt0050908,USA
tt0051036,USA
tt0051337,"UK, USA"
tt0051554,UK
tt0051818,USA
tt0052104,USA
tt0052646,USA
tt0053241,Mexico
tt0053291,USA
tt0053363,USA
tt0053611,USA
tt0054135,USA
tt0054215,USA
tt0054387,USA
tt0054692,USA
tt0055198,Japan
tt0056142,"Japan, USA"
tt0056875,USA
tt0056923,USA
tt0057197,"UK, USA"
tt0057465,USA
tt0057603,"Italy, France, USA"
tt0057693,USA
tt0058150,UK
tt0058182,UK
tt0058385,USA
tt0058414,USA
tt0058548,USA
tt0058725,USA
tt0059079,Hong Kong
tt0059742,USA
tt0059800,UK
tt0060277,Japan
tt0061184,USA
tt0061695,Japan
tt0062622,"UK, USA"
tt0062711,"France, Italy"
tt0062803,UK
tt0063090,Mexico
tt0063350,USA
tt0064757,UK
tt0065214,USA
tt0065856,USA
tt0065944,USA
tt0066256,USA
tt0066518,"UK, USA"
tt0066603,Japan
tt0066740,"UK, USA"
tt0066921,"UK, USA"
tt0067185,USA
tt0067992,USA
tt0068284,USA
tt0068327,USA
tt0068619,USA
tt0068646,USA
tt0069005,USA
tt0069089,USA
tt0070016,USA
tt0070034,"Hong Kong, USA"
tt0070047,USA
tt0070800,Hong Kong
tt0071222,"Canada, USA"
tt0071230,USA
tt0071517,USA
tt0071562,USA
tt0071615,"Mexico, USA"
tt0071695,Japan
tt0071853,UK
tt0071994,USA
tt0072271,USA
tt0072431,USA
tt0072856,USA
tt0072869,USA
tt0072913,"Taiwan, Hong Kong"
tt0072979,USA
tt0073168,Hong Kong
tt0073195,USA
tt0073629,"UK, USA"
tt0076162,Japan
tt0076271,USA
tt0076786,Italy
tt0077559,Hong Kong
tt0077631,USA
tt0077681,USA
tt0078446,USA
tt0078480,UK
tt0078504,USA
tt0078748,"UK, USA"
tt0078902,USA
tt0079432,Hong Kong
tt0079588,"UK, USA"
tt0079609,Hong Kong
tt0079766,UK
tt0079813,USA
tt0079946,USA
tt0080002,Hong Kong
tt0080057,Italy
tt0080120,USA
tt0080339,USA
tt0080380,"USA, West Germany"
tt0080455,USA
tt0080745,"UK, USA"
tt0081184,USA
tt0081353,USA
tt0081505,"UK, USA"
tt0082010,UK
tt0082186,"UK, USA"
tt0082198,USA
tt0082340,"UK, USA"
tt0082418,USA
tt0082474,"UK, USA"
tt0082694,Australia
tt0082766,USA
tt0082971,USA
tt0083001,USA
tt0083062,Hong Kong
tt0083658,"USA, Hong Kong, UK"
tt0083767,USA
tt0083791,"USA, UK"
tt0083866,USA
tt0083907,USA
tt0083929,USA
tt0084237,"USA, UK, Japan, West Germany, France"
tt0084269,USA
tt0084503,UK
tt0084516,USA
tt0084649,USA
tt0084726,USA
tt0084787,USA
tt0084805,USA
tt0085211,Hong Kong
tt0085334,"USA, Canada"
tt0085701,"UK, USA"
tt0086216,USA
tt0086250,USA
tt0086320,USA
tt0086373,"Canada, USA"
tt0086525,USA
tt0086856,USA
tt0087182,USA
tt0087332,USA
tt0087363,USA
tt0087469,USA
tt0087799,USA
tt0087800,USA
tt0087957,USA
tt0087995,USA
tt0088128,USA
tt0088178,USA
tt0088194,USA
tt0088258,USA
tt0088323,"West Germany, USA"
tt0088763,USA
tt0088846,UK
tt0088847,USA
tt0088930,USA
tt0089017,USA
tt0089175,USA
tt0089218,USA
tt0089489,"UK, USA"
tt0089791,USA
tt0089877,"USA, Japan, France"
tt0089885,USA
tt0089907,USA
tt0089994,USA
tt0090605,"USA, UK"
tt0090633,USA
tt0090756,USA
tt0091042,USA
tt0091369,"UK, USA"
tt0091419,USA
tt0091790,USA
tt0091814,USA
tt0091954,UK
tt0092005,USA
tt0092076,USA
tt0092086,USA
tt0092603,Denmark
tt0092890,USA
tt0092991,USA
tt0093177,UK
tt0093437,USA
tt0093565,USA
tt0093779,USA
tt0093822,USA
tt0094012,USA
tt0094625,Japan
tt0094721,USA
tt0095016,USA
tt0095159,"UK, USA"
tt0095270,USA
tt0095489,"USA, Ireland"
tt0096061,USA
tt0096256,USA
tt0096283,Japan
tt0096438,USA
tt0096446,"USA, New Zealand, UK"
tt0096895,"USA, UK"
tt0096928,USA
tt0097050,Japan
tt0097493,USA
tt0097523,"USA, Mexico"
tt0097814,Japan
tt0098635,USA
tt0099329,USA
tt0099487,USA
tt0099674,USA
tt0099785,USA
tt0099878,USA
tt0100332,USA
tt0100935,USA
tt0100944,"UK, USA"
tt0101700,France
tt0101889,USA
tt0101921,USA
tt0102685,"Japan, USA"
tt0102926,USA
tt0103074,"USA, France"
tt0103099,USA
tt0103772,"France, USA"
tt0103855,USA
tt0103873,New Zealand
tt0103874,USA
tt0103893,USA
tt0104694,USA
tt0105236,USA
tt0105643,Italy
tt0105793,USA
tt0106308,USA
tt0106500,USA
tt0106677,USA
tt0107048,USA
tt0107290,USA
tt0107692,Japan
tt0108281,Hong Kong
tt0108399,"USA, France"
tt0108448,UK
tt0108593,Hong Kong
tt0109045,Australia
tt0109504,USA
tt0109686,USA
tt0110057,USA
tt0110148,USA
tt0110763,USA
tt0110912,USA
tt0112431,"Australia, USA"
tt0112495,"UK, USA"
tt0112682,"France, Germany, Spain"
tt0112697,USA
tt0113118,USA
tt0113749,USA
tt0114436,"France, USA"
tt0114814,"USA, Germany"
tt0115734,USA
tt0115736,USA
tt0116282,"USA, UK"
tt0116367,USA
tt0116908,USA
tt0116922,"France, USA"
tt0117008,USA
tt0117509,USA
tt0117603,USA
tt0117705,USA
tt0117802,USA
tt0117951,UK
tt0118125,USA
tt0118655,"USA, Germany"
tt0118715,"USA, UK"
tt0118749,USA
tt0119116,France
tt0119217,USA
tt0119572,USA
tt0119654,USA
tt0119698,Japan
tt0119879,"Mexico, USA, Spain"
tt0120094,USA
tt0120185,UK
tt0120338,USA
tt0120601,USA
tt0120611,USA
tt0120630,"UK, USA, France"
tt0120669,USA
tt0120693,USA
tt0120737,"New Zealand, USA"
tt0120794,USA
tt0126029,USA
tt0129167,USA
tt0133093,USA
tt0137523,"USA, Germany"
tt0143348,Japan
tt0147612,USA
tt0152468,USA
tt0156887,Japan
tt0158983,USA
tt0162346,"USA, UK, Germany"
tt0164912,"Germany, USA"
tt0166924,"France, USA"
tt0177789,USA
tt0179116,USA
tt0181875,USA
tt0185125,"Spain, France"
tt0190332,"Taiwan, Hong Kong, USA, China"
tt0190641,Japan
tt0200642,Philippines
tt0203009,"Australia, USA"
tt0206634,"USA, UK, Japan"
tt0209144,USA
tt0211915,"France, Germany"
tt0218839,USA
tt0230010,USA
tt0241303,"UK, USA"
tt0241527,"UK, USA"
tt0243655,USA
tt0245429,Japan
tt0246578,USA
tt0248845,USA
tt0250494,USA
tt0255549,USA
tt0259484,USA
tt0265343,"India, USA, Italy, Germany, France, UK"
tt0265666,USA
tt0266308,Japan
tt0272338,USA
tt0275277,"Japan, USA"
tt0281190,"USA, Jamaica"
tt0289408,USA
tt0292963,USA
tt0299658,"USA, Germany, Canada"
tt0302886,USA
tt0303353,USA
tt0303816,USA
tt0307987,"USA, Germany"
tt0312004,"UK, USA"
tt0319343,"USA, Germany"
tt0327597,USA
tt0332280,USA
tt0332379,"USA, Germany"
tt0337692,"France, USA, UK, Brazil, Canada, Argentina"
tt0338348,USA
tt0345950,USA
tt0347149,Japan
tt0347618,Japan
tt0351283,USA
tt0352014,Hong Kong
tt0353969,South Korea
tt0359281,USA
tt0359950,"USA, UK, Canada, Australia"
tt0365748,"UK, France"
tt0366548,"USA, Australia"
tt0366551,"USA, Canada, Germany"
tt0367027,USA
tt0369610,USA
tt0372588,"USA, Germany"
tt0377092,"USA, Canada"
tt0379725,"USA, Canada"
tt0379786,USA
tt0388473,Japan
tt0388795,"USA, Canada"
tt0401792,USA
tt0405296,USA
tt0405422,USA
tt0412886,USA
tt0420293,USA
tt0424359,USA
tt0428803,France
tt0432283,USA
tt0434409,"USA, UK, Germany"
tt0436039,USA
tt0437800,USA
tt0439815,"Canada, USA"
tt0441773,USA
tt0443272,"USA, India"
tt0453562,USA
tt0454876,"USA, Taiwan, UK, Canada, France, India"
tt0455944,USA
tt0458481,USA
tt0462322,USA
tt0462757,USA
tt0467406,USA
tt0468492,South Korea
tt0469021,"UK, France"
tt0470752,UK
tt0472062,"USA, Germany"
tt0475290,"UK, USA, Japan"
tt0478970,USA
tt0481499,USA
tt0491587,USA
tt0497465,"Spain, USA"
tt0760167,USA
tt0770828,"USA, Canada, UK"
tt0787474,USA
tt0790636,USA
tt0790724,USA
tt0795421,"USA, UK, Germany"
tt0810819,"UK, USA, Germany, Denmark, Belgium"
tt0816442,"USA, Germany"
tt0816692,"USA, UK, Canada, Iceland"
tt0831387,"USA, Japan"
tt0851578,Japan
tt0862856,USA
tt0864835,USA
tt0882789,UK
tt0889671,USA
tt0901487,South Korea
tt0903624,"USA, New Zealand"
tt0903657,USA
tt0923811,Japan
tt0942384,USA
tt0952640,USA
tt0969345,USA
tt0975645,"USA, UK"
tt0978762,Australia
tt0991167,USA
tt0993846,USA
tt1020072,"UK, USA"
tt1024648,USA
tt1045658,USA
tt1047011,"UK, Germany"
tt1051904,"USA, Australia"
tt1065073,USA
tt1074638,"UK, USA"
tt1091191,USA
tt1096999,USA
tt1100089,USA
tt1109624,"UK, France"
tt1126590,"USA, Canada"
tt1139797,Sweden
tt1152399,USA
tt1152834,USA
tt1170358,"USA, New Zealand"
tt1172203,USA
tt1175709,USA
tt1179031,"USA, France"
tt1204342,USA
tt1205537,"USA, Russia"
tt1206543,"UK, USA"
tt1210166,USA
tt1213663,"UK, USA, Japan"
tt1216491,USA
tt1220719,"Hong Kong, China"
tt1229340,USA
tt1233334,USA
tt1233611,USA
tt1245492,USA
tt1259521,USA
tt1272878,USA
tt1276104,"USA, China"
tt1276962,USA
tt1288558,USA
tt1296906,USA
tt1300854,"China, USA"
tt1308756,USA
tt1311071,USA
tt1316037,USA
tt1322269,USA
tt1326194,USA
tt1327773,USA
tt1332028,USA
tt1340803,USA
tt1343092,"Australia, USA"
tt1351685,USA
tt1355683,"USA, UK"
tt1356790,USA
tt1360860,"Iran, France"
tt1363482,USA
tt1371150,USA
tt1376213,"UK, Spain, Belgium"
tt1381404,"USA, Canada"
tt1392190,"Australia, USA"
tt1392214,USA
tt1398426,USA
tt1401643,"France, Belgium"
tt1408101,USA
tt1411704,USA
tt1430132,"USA, UK, Australia, Japan"
tt1433811,USA
tt1435513,"UK, France, Germany, Switzerland, Luxembourg"
tt1436562,USA
tt1441083,"Netherlands, Belgium, UK, Spain, France"
tt1441395,"UK, USA, Switzerland"
tt1447508,India
tt1453405,USA
tt1454468,"UK, USA"
tt1457767,USA
tt1460739,USA
tt1466054,"USA, Canada"
tt1474276,Japan
tt1477715,USA
tt1483013,USA
tt1483797,Japan
tt1486834,"Ireland, Canada"
tt1490017,"Australia, USA, Denmark"
tt1499958,"Italy, Spain, USA"
tt1504978,"Tanzania, USA"
tt1507369,USA
tt1512779,USA
tt1525838,USA
tt1531901,"UK, USA, Ireland"
tt1532503,USA
tt1533081,USA
tt1535108,USA
tt1535109,USA
tt1539489,USA
tt1540978,USA
tt1560747,USA
tt1567233,USA
tt1568335,USA
tt1571249,USA
tt1579361,USA
tt1581845,USA
tt1587310,USA
tt1588173,"USA, Canada"
tt1596363,USA
tt1600196,USA
tt1602620,"Austria, France, Germany"
tt1605717,"UK, Ireland, USA"
tt1618399,USA
tt1621039,USA
tt1621046,"USA, Mexico"
tt1623205,USA
tt1631867,"USA, Canada"
tt1633298,"France, Germany"
tt1638355,"USA, UK"
tt1638364,USA
tt1640718,"USA, France, Canada, Lebanon, Qatar"
tt1646971,USA
tt1647668,USA
tt1650554,"USA, UK, Japan"
tt1655441,"USA, Canada"
tt1658801,USA
tt1659337,USA
tt1661199,"USA, UK"
tt1663662,USA
tt1666287,"United Arab Emirates, Jordan, Lebanon"
tt1673697,Australia
tt1674785,"USA, UK"
tt1675163,USA
tt1690953,USA
tt1700845,UK
tt1701976,"USA, UK"
tt1706620,"South Korea, Czech Republic, USA, France"
tt1707386,"USA, UK"
tt1714206,USA
tt1714915,"Germany, UK, France, Greece, USA, Cyprus"
tt1723121,USA
tt1727388,USA
tt1731141,USA
tt1731697,"USA, UK, Canada"
tt1736049,USA
tt1746153,USA
tt1753666,USA
tt1754104,"Canada, USA"
tt1758770,UK
tt1758830,USA
tt1759682,USA
tt1762399,"USA, UK, Australia"
tt1764234,USA
tt1764260,"South Africa, USA"
tt1772288,USA
tt1772341,USA
tt1776086,USA
tt1781784,USA
tt1783732,USA
tt1784538,USA
tt1785612,USA
tt1787067,India
tt1790885,USA
tt1791528,USA
tt1791682,USA
tt1798085,Spain
tt1798188,Japan
tt1798684,"USA, Hong Kong"
tt1798709,USA
tt1800241,USA
tt1800266,USA
tt1809398,USA
tt1815836,Russia
tt1817273,USA
tt1820488,Canada
tt1821549,USA
tt1821641,"Israel, Germany, Poland, Luxembourg, Belgium, France"
tt1821658,"Canada, South Korea, USA"
tt1822381,USA
tt1824254,USA
tt1825157,UK
tt1832370,"Australia, Netherlands, Germany, China, Sweden, Bulgaria, Thailand, Czech Republic, France, Japan, India, UK, Finland, Morocco"
tt1843866,USA
tt1844056,USA
tt1845804,USA
tt1847731,France
tt1853728,USA
tt1854513,"Spain, Belgium, France"
tt1860353,USA
tt1861281,USA
tt1865505,"Ireland, Denmark, Belgium, Luxembourg, France"
tt1866249,USA
tt1869716,"UK, USA"
tt1872181,USA
tt1877832,"USA, UK, Canada"
tt1895587,"USA, Canada"
tt1905041,USA
tt1907668,USA
tt1907707,USA
tt1911658,USA
tt1924429,"UK, USA, France"
tt1925495,USA
tt1931388,USA
tt1935156,"France, USA"
tt1935179,USA
tt1937390,"Denmark, Germany, Belgium, UK, France"
tt1951181,USA
tt1951264,USA
tt1951265,USA
tt1951266,"USA, Germany"
tt1954701,Germany
tt1959490,USA
tt1964418,"USA, Spain"
tt1969062,USA
tt1972571,"UK, USA, Germany"
tt1976000,"UK, France, USA"
tt1978480,USA
tt1979320,"UK, Germany, USA"
tt1979388,USA
tt1980929,USA
tt1981115,USA
tt1981677,USA
tt1981690,"Estonia, Philippines, Denmark, USA, Somalia, Canada"
tt1985966,USA
tt1996310,"Germany, Australia, UK"
tt2004420,USA
tt2005276,USA
tt2010939,"USA, India"
tt2013293,Japan
tt2015381,"USA, UK"
tt2017038,USA
tt2024432,USA
tt2024519,"Belgium, Netherlands"
tt2024544,"USA, UK"
tt2032557,"USA, UK, Qatar"
tt2042568,"USA, UK, France"
tt2051879,USA
tt2053463,USA
tt2058107,"Switzerland, UK, Australia"
tt2059255,"Chile, France, Mexico, USA"
tt2064713,USA
tt2072987,USA
tt2073516,USA
tt2073520,USA
tt2073679,"Russia, USA, Latvia, Estonia, Lithuania"
tt2076220,"France, Germany"
tt2076897,UK
tt2077908,"France, Belgium"
tt2079512,"USA, Canada, UK"
tt2080374,"UK, USA"
tt2082517,"USA, Honduras"
tt2083355,USA
tt2084953,USA
tt2084970,"UK, USA"
tt2084989,USA
tt2085759,USA
tt2085910,USA
tt2088714,"USA, Uganda"
tt2088883,"USA, Rwanda, UK, South Africa"
tt2089674,USA
tt2091398,USA
tt2091473,"USA, United Arab Emirates"
tt2094064,USA
tt2094890,"USA, Nigeria"
tt2096673,USA
tt2097298,USA
tt2101441,USA
tt2103281,USA
tt2106476,"Denmark, Sweden"
tt2111474,South Korea
tt2119463,USA
tt2120152,USA
tt2125423,"Palestine, Israel, France, Netherlands"
tt2125435,USA
tt2125467,USA
tt2125608,"Sweden, UK, Finland"
tt2125653,"Netherlands, UK, Germany, Japan, Australia, USA"
tt2130321,"New Zealand, USA"
tt2132285,"USA, UK, France, Germany, Japan"
tt2140373,"USA, UK, Australia"
tt2141739,USA
tt2147134,UK
tt2170509,Germany
tt2170593,USA
tt2174896,USA
tt2178935,"France, Senegal"
tt2179116,USA
tt2179136,USA
tt2180016,USA
tt2180411,"USA, UK, Canada"
tt2181804,Philippines
tt2182187,Canada
tt2186685,"USA, UK"
tt2187884,USA
tt2194328,USA
tt2194499,UK
tt2196638,"Norway, India, Denmark"
tt2200975,Germany
tt2209418,"USA, Greece"
tt2211970,"Canada, Malawi"
tt2215077,"Nigeria, UK"
tt2215151,USA
tt2224026,USA
tt2229399,"USA, UK, Norway, Egypt, India"
tt2229499,USA
tt2231159,"USA, Fiji, French Polynesia, Indonesia, New Zealand"
tt2231212,USA
tt2234003,"Ireland, UK"
tt2235108,USA
tt2239034,USA
tt2245003,UK
tt2245084,USA
tt2245223,USA
tt2247646,Canada
tt2258345,USA
tt2258685,Canada
tt2258858,"Saudi Arabia, Netherlands, Germany, Jordan, United Arab Emirates, USA"
tt2261331,"UK, USA, Russia"
tt2262227,USA
tt2265171,"Indonesia, USA"
tt2267968,"China, USA"
tt2267998,USA
tt2268016,USA
tt2273433,"USA, Japan"
tt2273657,USA
tt2278388,"USA, Germany"
tt2278871,"France, Belgium, Spain"
tt2279373,USA
tt2280836,"USA, Rwanda"
tt2281201,"USA, France"
tt2281587,USA
tt2287170,USA
tt2293640,USA
tt2294629,USA
tt2294677,USA
tt2301592,"France, Chile"
tt2302755,USA
tt2304771,"UK, South Africa"
tt2305051,USA
tt2306745,USA
tt2310332,"New Zealand, USA"
tt2316411,"Canada, Spain, France"
tt2320031,USA
tt2321549,"Australia, Canada"
tt2322482,USA
tt2322519,USA
tt2326554,USA
tt2332579,Chile
tt2333598,"Paraguay, Spain"
tt2334649,USA
tt2334873,USA
tt2334879,USA
tt2338424,"USA, Canada"
tt2339379,USA
tt2340650,USA
tt2347569,"USA, Brazil"
tt2350432,"USA, France"
tt2350496,"India, France, Germany, USA, Canada"
tt2355540,USA
tt2357291,USA
tt2357398,USA
tt2359427,USA
tt2361509,USA
tt2366450,Canada
tt2370248,USA
tt2375605,"UK, Denmark, Norway"
tt2376024,USA
tt2378281,Mexico
tt2378401,USA
tt2379713,"UK, USA"
tt2380247,USA
tt2381111,"UK, Canada, Ireland, Belgium"
tt2381249,"China, Hong Kong, USA"
tt2381335,USA
tt2381941,"USA, Argentina"
tt2382396,USA
tt2386327,USA
tt2388715,USA
tt2390361,USA
tt2395155,USA
tt2395427,USA
tt2396566,USA
tt2398231,"USA, France"
tt2401878,USA
tt2402085,"Ireland, UK, USA"
tt2402927,"UK, USA, Australia"
tt2404181,UK
tt2404461,"France, Italy, Iran"
tt2406422,USA
tt2408586,USA
tt2415458,USA
tt2415838,USA
tt2415848,USA
tt2417154,USA
tt2425486,"Chile, Spain"
tt2431286,"UK, USA, France"
tt2440910,"Cambodia, France, Germany, Morocco, Pakistan, South Africa, Thailand, USA, Zimbabwe, Australia, Belgium, Brazil"
tt2446600,UK
tt2446980,USA
tt2452042,USA
tt2452254,"France, Germany, Switzerland"
tt2458698,USA
tt2458776,USA
tt2464812,USA
tt2473602,"USA, UK"
tt2474024,USA
tt2479800,USA
tt2486682,"UK, Egypt, USA"
tt2488496,USA
tt2489734,USA
tt2492002,USA
tt2492916,USA
tt2507128,USA
tt2510894,USA
tt2514894,USA
tt2515030,"France, Spain, Belgium, Panama"
tt2517658,"Ireland, UK"
tt2520398,USA
tt2525342,USA
tt2545088,USA
tt2545118,USA
tt2545428,"USA, India"
tt2549138,USA
tt2554274,"USA, Canada"
tt2555302,"USA, Morocco, Switzerland"
tt2562232,USA
tt2576852,Japan
tt2582496,USA
tt2582802,USA
tt2582846,USA
tt2606924,USA
tt2609912,USA
tt2614684,UK
tt2624412,USA
tt2630916,"USA, China"
tt2637848,USA
tt2639344,"USA, Greece, Brazil"
tt2652092,"Kenya, India, USA"
tt2654192,USA
tt2654360,USA
tt2654562,Canada
tt2663896,India
tt2674040,USA
tt2689924,USA
tt2713180,"USA, China, UK"
tt2719848,"UK, USA, Iceland"
tt2724064,USA
tt2732932,USA
tt2752688,USA
tt2753778,USA
tt2756032,USA
tt2759372,USA
tt2764784,"Germany, Poland"
tt2771372,USA
tt2784678,USA
tt2788710,USA
tt2788716,USA
tt2796836,Canada
tt2802144,"UK, USA"
tt2802154,Russia
tt2844798,"Hungary, Germany, Sweden"
tt2848292,USA
tt2852406,Palestine
tt2852470,"Cambodia, France"
tt2870648,UK
tt2870756,"USA, UK"
tt2872462,"USA, Brazil"
tt2872718,USA
tt2872732,France
tt2872750,"UK, France"
tt2883512,USA
tt2884018,"UK, France, USA"
tt2888046,"China, Hong Kong"
tt2891174,USA
tt2910274,USA
tt2911666,"USA, China"
tt2920540,UK
tt2925642,USA
tt2935476,"UK, USA"
tt2937898,"USA, United Arab Emirates"
tt2942522,South Korea
tt2954776,USA
tt2960470,USA
tt2961890,"USA, Latvia"
tt2975578,"France, USA"
tt2978462,USA
tt2980516,"UK, Japan, USA"
tt2980648,"USA, United Arab Emirates, India"
tt2980706,USA
tt2991472,"UK, USA"
tt2995810,South Africa
tt3007512,"Australia, USA, Turkey"
tt3011894,"Argentina, Spain"
tt3060670,USA
tt3063516,USA
tt3064298,UK
tt3065132,"USA, United Arab Emirates"
tt3074780,USA
tt3076658,USA
tt3077214,UK
tt3079380,USA
tt3086442,Austria
tt3089388,USA
tt3093546,"USA, Greece"
tt3116072,USA
tt3121332,"USA, Chile"
tt3148834,"Belgium, UK, France"
tt3152624,"Japan, USA"
tt3162938,"Bangladesh, USA, Cambodia, China, Denmark, France, Haiti, India, Italy, Uganda, UK"
tt3165612,USA
tt3168230,"UK, USA"
tt3169706,"UK, France"
tt3170832,"Ireland, Canada, UK, USA"
tt3172532,USA
tt3183630,Brazil
tt3199456,"Syria, Germany"
tt3203606,USA
tt3233704,USA
tt3235888,USA
tt3238136,USA
tt3242930,"USA, UK, Mexico, Indonesia, Grenada"
tt3244466,USA
tt3246410,USA
tt3263614,USA
tt3263996,USA
tt3264102,"USA, Russia"
tt3268458,USA
tt3272570,"USA, Japan"
tt3279124,USA
tt3280234,"USA, Cuba"
tt3297554,USA
tt3301806,Japan
tt3302820,USA
tt3311588,"USA, Tanzania, Spain, Portugal, Poland, Pakistan, Netherlands, Ireland, Indonesia, Ecuador"
tt3316960,"USA, France"
tt3319508,USA
tt3322364,"UK, Australia, USA"
tt3331028,USA
tt3335556,USA
tt3345206,USA
tt3374866,Spain
tt3378038,USA
tt3385334,USA
tt3387276,USA
tt3397884,USA
tt3398268,Japan
tt3399112,USA
tt3409392,"Mauritania, France"
tt3410666,USA
tt3416742,"New Zealand, USA"
tt3416744,USA
tt3458196,USA
tt3460252,USA
tt3462002,USA
tt3472754,USA
tt3499048,Mexico
tt3505712,USA
tt3516252,"Japan, France, UK, USA"
tt3517936,UK
tt3521134,"Denmark, Indonesia, Finland, Norway, UK, Israel, France, USA, Germany, Netherlands, Taiwan"
tt3525900,USA
tt3549508,USA
tt3576072,USA
tt3597448,USA
tt3623726,USA
tt3656636,Brazil
tt3659388,"USA, UK"
tt3660770,USA
tt3672742,"Canada, New Zealand, USA"
tt3674140,"France, Brazil, Italy"
tt3682448,"USA, Germany, India"
tt3690366,USA
tt3699150,USA
tt3704008,"France, Switzerland, USA"
tt3704416,USA
tt3707114,USA
tt3717314,USA
tt3726704,USA
tt3748512,"France, USA"
tt3808342,Hungary
tt3813310,USA
tt3824412,USA
tt3824458,USA
tt3844362,USA
tt3850214,USA
tt3850590,USA
tt3859076,"Australia, USA"
tt3948500,"USA, Uganda, Canada, UK"
tt3983674,USA
tt3997238,USA
tt4007320,USA
tt4044364,"USA, Germany, UK"
tt4104022,USA
tt4126304,USA
tt4126312,USA
tt4154170,USA
tt4157220,USA
tt4163020,USA
tt4178092,"USA, Australia, China"
tt4185572,USA
tt4194392,USA
tt4209900,"France, USA"
tt4229236,USA
tt4263482,"USA, UK, Canada, Brazil"
tt4270516,USA
tt4282926,South Korea
tt4288636,USA
tt4316236,USA
tt4370926,Canada
tt4397346,Sweden
tt4448706,USA
tt4569688,USA
tt4575030,USA
tt4594834,USA
tt4643580,Mexico
tt4718770,USA
tt4935334,USA
tt4935446,"USA, France"
tt4938164,USA
tt5140574,"USA, France, Spain"
tt5428662,USA
tt5434972,USA
